week,r,s,c,e,i,d,v1,v2,v3,v4,lpai,nrstart,stamping,marketing,biosecurity,vaccinated,vaccination,density,homogenous,homogenous2
week_1_00,14,334,0,,,,,,,,1,763,10,10,10,10,10,10,10,10
week_1_01,11,348,5,14,,,,,,,1,763,10,10,10,10,10,10,10,10
week_1_02,8,365,6,25,5,,,,,,1,763,10,10,10,10,10,10,10,10
week_1_03,7,390,6,33,11,,,,,,1,763,10,10,10,10,10,10,10,10
week_1_04,12,403,1,40,17,,,,,,1,763,10,10,10,10,10,10,10,10
week_1_05,18,387,12,52,18,,,,,,1,763,10,10,10,10,10,10,10,10
week_1_06,27,376,7,70,27,3,,,,,1,763,10,10,10,10,10,10,10,10
week_1_07,24,357,5,97,32,5,,,,,1,763,1,1,10,10,10,10,10,10
week_1_08,23,351,1,121,35,7,,,,,1,763,1,1,10,10,10,10,10,10
week_1_09,23,343,3,144,22,21,,,,,1,763,1,1,10,10,10,10,10,10
week_1_10,25,332,2,167,18,28,,,,,1,763,1,1,10,10,10,10,10,10
week_1_11,28,308,4,192,14,34,,,,,1,763,1,1,10,10,10,10,10,10
week_1_12,25,296,0,220,14,38,,,,,1,763,1,1,10,10,10,10,10,10
week_1_13,23,279,0,245,9,43,,,,,1,763,1,1,10,10,10,10,10,10
week_1_14,35,250,0,268,6,46,,,,,1,763,1,1,10,10,10,10,10,10
week_1_15,28,225,1,303,5,47,,,,,1,763,1,1,10,10,10,10,10,10
week_1_16,18,231,0,331,5,48,,,,,1,763,1,1,10,10,10,10,10,10
week_1_17,18,240,0,349,3,50,2,,,,1,763,1,1,10,1,1,10,10,10
week_1_18,11,241,0,367,2,51,12,,,,1,763,1,1,10,1,1,10,10,10
week_1_19,9,251,1,378,2,51,30,2,,,1,763,1,1,10,1,1,10,10,10
week_1_20,18,250,3,387,3,51,36,9,,,1,763,1,1,10,1,1,10,10,10
week_1_21,15,247,7,405,5,52,41,20,,,1,763,1,1,10,1,1,10,10,10
week_1_22,19,250,6,420,11,53,29,40,2,,1,763,1,1,10,1,1,10,10,10
week_1_23,18,248,3,439,17,53,30,47,8,,1,763,1,1,10,1,1,10,10,10
week_1_24,28,262,0,457,20,53,31,41,23,,1,763,1,1,10,1,1,10,10,10
week_1_25,23,252,0,485,19,54,40,33,39,2,1,763,1,1,10,1,1,10,10,10
week_1_26,18,248,0,508,18,55,40,36,50,5,1,763,1,1,10,1,1,10,10,10
week_1_27,19,244,1,526,13,60,41,44,52,11,1,763,1,1,10,1,1,10,10,10
week_1_28,18,238,0,545,6,68,46,50,49,22,1,763,1,1,10,1,1,10,10,10
week_1_29,26,233,0,563,2,72,37,55,55,26,1,763,1,1,10,1,1,10,10,10
week_1_30,34,228,1,589,1,73,31,55,66,31,1,763,1,10,10,1,1,10,10,10
week_1_31,24,226,0,623,1,74,36,53,71,38,1,763,1,10,10,1,1,10,10,10
week_1_32,29,214,1,647,1,74,42,43,79,47,1,763,1,10,10,1,1,10,10,10
week_1_33,22,219,0,676,2,74,32,48,79,57,1,763,1,10,10,1,1,10,10,10
week_1_34,32,209,0,698,2,74,29,47,79,66,1,763,1,10,10,1,1,10,10,10
week_1_35,27,209,0,730,1,75,33,47,73,76,1,763,1,10,10,1,1,10,10,10
week_2_00,10,409,0,,,,,,,,0,,10,10,10,10,10,10,10,10
week_2_01,11,415,0,10,,,,,,,0,,10,10,10,10,10,10,10,10
week_2_02,7,422,0,21,,,,,,,0,,10,10,10,10,10,10,10,10
week_2_03,15,425,0,28,,1,,,,,0,,10,10,10,10,10,10,10,10
week_2_04,13,427,0,43,,1,,,,,0,,10,10,10,10,10,10,10,10
week_2_05,21,428,0,56,,1,,,,,0,,10,10,10,10,10,10,10,10
week_2_06,9,437,2,77,,1,,,,,0,,10,10,10,10,10,10,10,10
week_2_07,8,452,1,86,2,1,,,,,0,,10,10,10,10,10,10,10,10
week_2_08,10,460,0,94,3,1,,,,,0,,10,10,10,10,10,10,10,10
week_2_09,11,480,0,104,2,2,,,,,0,,10,10,10,10,10,10,10,10
week_2_10,6,502,0,115,2,2,,,,,0,,10,10,10,10,10,10,10,10
week_2_16,11,695,6,,,,,,,,2,1902,10,10,1,10,10,10,10,10
week_2_17,8,760,1,11,6,,,,,,2,1902,10,10,1,10,10,10,10,10
week_2_18,15,813,2,19,7,,,,,,2,1902,10,10,1,10,10,10,10,10
week_2_19,12,877,6,34,9,,,,,,2,1902,10,10,1,10,10,10,10,10
week_2_20,18,941,8,46,14,1,,,,,2,1902,1,10,1,10,10,10,10,10
week_2_21,23,989,12,64,19,4,,,,,2,1902,1,1,1,10,10,10,10,10
week_2_22,25,1022,13,87,26,9,,,,,2,1902,1,1,1,10,10,10,10,10
week_2_23,20,1045,14,112,37,11,,,,,2,1902,1,1,1,10,10,10,10,10
week_2_24,45,1027,35,132,50,12,,,,,2,1902,1,1,1,10,10,10,10,10
week_2_25,43,989,46,177,84,13,,,,,2,1902,1,1,1,10,10,10,10,10
week_2_26,57,977,22,220,126,17,,,,,2,1902,1,1,1,10,10,10,10,10
week_2_27,61,956,17,277,134,31,,,,,2,1902,1,1,1,10,10,10,10,10
week_2_28,71,894,18,338,142,40,39,,,,2,1902,1,1,1,1,1,10,10,10
week_2_29,64,835,25,409,135,65,63,,,,2,1902,1,1,1,1,1,10,10,10
week_2_30,53,798,9,473,148,77,93,3,,,2,1902,1,1,1,1,1,10,10,10
week_2_31,44,766,8,526,136,98,113,22,,,2,1902,1,1,1,1,1,10,10,10
week_2_32,55,756,3,570,120,122,139,24,,,2,1902,1,1,1,1,1,10,10,10
week_2_33,44,747,2,625,92,153,143,52,,,2,1902,1,1,1,1,1,10,10,10
week_2_34,44,741,2,669,80,167,143,82,1,,2,1902,1,1,1,1,1,10,10,10
week_2_35,69,724,5,713,64,185,127,113,3,,2,1902,1,1,1,1,1,10,10,10
week_2_36,53,737,4,782,45,209,117,122,17,,2,1902,1,1,1,1,1,10,10,10
week_2_37,55,740,1,835,33,225,127,135,29,,2,1902,1,1,1,1,1,10,10,10
week_2_38,46,756,5,890,28,231,142,133,45,,2,1902,1,1,1,1,1,10,10,10
week_2_39,70,765,8,936,21,243,115,155,60,,2,1902,1,1,1,1,1,10,10,10
week_2_40,55,787,0,1006,19,253,92,178,70,2,2,1902,1,1,1,1,1,10,10,10
week_2_41,70,783,3,1061,16,256,91,185,76,9,2,1902,1,1,1,1,1,10,10,10
week_2_42,80,776,3,1131,16,259,76,174,98,16,2,1902,1,1,1,1,1,10,10,10
week_2_43,70,786,1,1211,15,263,67,168,115,22,2,1902,1,1,1,1,1,10,10,10
week_2_44,76,770,1,1281,11,268,77,162,132,27,2,1902,1,1,1,1,1,10,10,10
week_2_45,99,756,1,1357,9,271,82,150,134,42,2,1902,1,1,1,1,1,10,10,10
week_2_46,79,761,1,1456,6,275,83,145,130,59,2,1902,1,1,1,1,1,10,10,10
week_2_47,70,761,1,1535,4,278,101,148,138,66,2,1902,1,1,1,1,1,10,10,10
week_2_48,84,747,12,1605,4,279,118,152,115,77,2,1902,1,1,1,1,1,10,10,10
week_2_49,67,770,18,1689,15,280,99,165,117,80,2,1902,1,1,1,1,1,10,10,10
week_2_50,84,769,15,1756,32,281,78,177,120,81,2,1902,1,1,1,1,1,10,10,10
week_2_51,113,723,3,1840,45,283,86,184,116,87,2,1902,1,1,1,1,1,10,10,10
week_2_52,69,748,2,1953,43,288,84,168,122,92,2,1902,1,1,1,1,1,10,10,10
week_2_53,69,762,2,2022,26,307,67,164,136,96,2,1902,1,1,1,1,1,10,10,10
week_2_54,84,743,4,2091,12,323,57,159,150,97,2,1902,1,1,1,1,1,10,10,10
week_2_55,86,725,7,2175,11,328,54,162,140,104,2,1902,1,1,1,1,1,10,10,10
week_2_56,79,714,4,2261,14,332,48,155,142,105,2,1902,1,1,1,1,1,10,10,10
week_2_57,86,699,4,2340,18,333,40,144,138,115,2,1902,1,1,1,1,1,10,10,10
week_2_58,83,702,2,2426,21,334,37,143,130,115,2,1902,1,1,1,1,1,10,10,10
week_2_59,92,693,2,2509,23,334,32,149,112,114,2,1902,1,1,1,1,1,10,10,10
week_2_60,109,661,4,2601,22,337,37,142,103,115,2,1902,1,1,1,1,1,10,10,10
week_2_61,79,641,0,2710,21,342,40,140,103,110,2,1902,1,1,1,1,1,10,10,10
week_2_62,65,652,3,2789,16,347,37,138,96,100,2,1902,1,1,1,1,1,10,10,10
week_2_63,64,647,3,2854,13,353,28,145,86,94,2,1902,1,1,1,1,1,10,10,10
week_2_64,73,647,0,2918,14,355,32,139,84,91,2,1902,1,1,1,1,1,10,10,10
week_2_65,73,632,0,2991,11,358,42,138,77,89,2,1902,1,1,1,1,1,10,10,10
week_2_66,81,649,2,3064,10,359,45,130,75,73,2,1902,1,1,1,1,1,10,10,10
week_2_67,83,640,0,3145,10,361,42,136,74,67,2,1902,1,1,1,1,1,10,10,10
week_2_68,60,652,0,3228,6,365,51,134,71,62,2,1902,1,1,1,1,1,10,10,10
week_2_69,65,657,0,3288,4,367,57,144,60,58,2,1902,1,1,1,1,1,10,10,10
week_2_70,49,682,0,3353,,371,72,144,59,47,2,1902,10,1,1,1,1,10,10,10
week_3_00,10,73,7,,,,20,43,26,,3,289,10,10,1,1,1,1,1,1
week_3_01,13,75,3,10,7,,21,44,24,,3,289,10,10,1,1,1,1,1,1
week_3_02,12,85,3,23,10,,19,42,25,,3,289,10,10,1,1,1,1,1,1
week_3_03,11,80,6,35,13,,9,56,22,,3,289,10,10,1,1,1,1,1,1
week_3_04,9,75,3,46,19,,9,44,28,,3,289,10,10,1,1,1,1,1,1
week_3_05,12,75,2,55,22,,2,44,29,,3,289,10,10,1,2,1,1,1,1
week_3_06,19,64,2,67,22,2,3,32,33,,3,289,10,10,1,2,1,1,1,1
week_3_07,16,54,0,86,21,5,2,25,36,,3,289,10,1,1,2,1,1,1,1
week_3_08,12,43,0,102,17,9,2,24,37,,3,289,10,1,1,2,1,1,1,1
week_3_09,5,41,1,114,12,14,2,23,34,,3,289,10,1,1,2,1,10,1,1
week_3_10,13,35,0,119,9,18,3,21,31,,3,289,10,1,1,2,1,10,1,1
week_3_11,22,29,1,132,7,20,3,14,25,,3,289,10,1,1,2,1,10,1,1
week_3_12,11,28,0,154,6,22,3,9,22,,3,289,10,1,1,2,1,10,1,1
week_3_13,12,25,0,165,5,23,5,9,14,,3,289,10,1,1,2,1,10,1,1
week_3_14,7,33,0,177,1,27,7,9,8,,3,289,10,1,1,2,1,10,1,1
week_3_15,5,46,0,184,,28,8,7,7,,3,289,10,10,1,2,1,10,1,1
week_4_00,3,87,10,,,,6,2,3,,4,135,10,10,1,2,1,10,1,10
week_4_01,5,79,1,3,10,,8,4,3,,4,135,10,10,1,2,1,10,1,10
week_4_02,1,81,2,8,11,,9,4,2,,4,135,10,10,1,2,1,10,1,10
week_4_03,1,84,1,9,8,5,11,5,1,,4,135,10,10,1,2,1,10,1,10
week_4_04,3,80,1,10,2,12,10,7,1,,4,135,10,10,1,2,1,10,1,10
week_4_05,5,77,0,13,3,12,7,10,1,,4,135,1,10,1,2,1,10,1,10
week_4_06,5,73,0,18,1,14,7,10,1,,4,135,1,10,1,2,1,10,1,10
week_4_07,6,70,0,23,1,14,5,10,2,,4,135,1,10,1,2,1,10,1,10
week_4_08,5,69,0,29,,15,5,9,3,,4,135,10,10,1,2,1,10,1,10
